--
-- PostgreSQL database dump
--

\restrict 7qbMzr38x51vwapx34gEr8yXTGSpud9QaICQXs0ii3fPy6dnssx2LDtRvDd0SGp

-- Dumped from database version 16.10 (Debian 16.10-1.pgdg13+1)
-- Dumped by pg_dump version 16.10 (Debian 16.10-1.pgdg13+1)

SET statement_timeout = 0;
SET lock_timeout = 0;
SET idle_in_transaction_session_timeout = 0;
SET client_encoding = 'UTF8';
SET standard_conforming_strings = on;
SELECT pg_catalog.set_config('search_path', '', false);
SET check_function_bodies = false;
SET xmloption = content;
SET client_min_messages = warning;
SET row_security = off;

--
-- Data for Name: app_user; Type: TABLE DATA; Schema: public; Owner: -
--

INSERT INTO public.app_user VALUES ('1ea487ff-069b-411c-8cc0-21111ffbb946', '+910000000000', 'admin@oolshik.app', '$2a$10$NbdZRmNn7BLwFJTcJdmXl.tJHTpC2vZe1VR1YCzwJjGz9d.gb1fFe', 'Admin', 'ADMIN,NETA,KARYAKARTA', NULL, '2025-08-17 17:00:11.594849+00', '2025-08-17 17:00:11.594849+00');
INSERT INTO public.app_user VALUES ('4a670833-cafd-4212-a9dc-b8de51f3b52f', '+919762279667', NULL, NULL, 'Nitin_97', 'NETA', NULL, '2025-08-17 17:04:16.733005+00', '2025-08-17 17:04:16.733005+00');
INSERT INTO public.app_user VALUES ('9349cf1b-70fa-4653-bd24-22f3c1b1b59a', '+919876543210', NULL, NULL, 'Nitin_98', 'NETA', NULL, '2025-08-23 11:22:40.330551+00', '2025-08-23 11:22:40.330551+00');


--
-- Data for Name: audio_files; Type: TABLE DATA; Schema: public; Owner: -
--

INSERT INTO public.audio_files VALUES ('9d7e7f4b-3a40-42c0-86f3-db2ec4ffabfe', '+919762279667', 'a78a676b-e6b3-435e-af32-0753a1382a1c.m4a', 'audio/m4a', 37878, 'store/+919762279667/a78a676b-e6b3-435e-af32-0753a1382a1c.m4a', '2025-08-31 12:00:08.855192', 2000, NULL, NULL);
INSERT INTO public.audio_files VALUES ('72da3149-7b0a-416b-9739-bdc6e6bb1914', '+919762279667', '4488d1d7-81ce-4fcb-9ae1-a2c233943616.m4a', 'audio/m4a', 101409, 'store/+919762279667/4488d1d7-81ce-4fcb-9ae1-a2c233943616.m4a', '2025-08-31 12:38:20.893711', 7000, NULL, NULL);
INSERT INTO public.audio_files VALUES ('ca667bdc-d383-4918-a0ad-5b4238eed4fd', '+919762279667', 'c829474a-e775-4d20-a07f-a026d2b344b2.m4a', 'audio/m4a', 57177, 'store/+919762279667/c829474a-e775-4d20-a07f-a026d2b344b2.m4a', '2025-09-02 17:30:04.363455', 4000, NULL, NULL);
INSERT INTO public.audio_files VALUES ('b0756a86-3c4e-4067-9e30-696226c9eddf', '+919762279667', '55d45bca-ccae-40fb-b9ea-082063b34ff3.m4a', 'audio/m4a', 33459, 'store/+919762279667/55d45bca-ccae-40fb-b9ea-082063b34ff3.m4a', '2025-09-02 17:36:40.63019', 2000, NULL, NULL);
INSERT INTO public.audio_files VALUES ('c50edaf5-143a-49a7-9352-6f7c0f799fdf', '+919762279667', '75ec7e8e-1805-45e1-940d-71f2f0147aa7.m4a', 'audio/m4a', 45558, 'store/+919762279667/75ec7e8e-1805-45e1-940d-71f2f0147aa7.m4a', '2025-09-02 17:38:17.317014', 3000, NULL, NULL);
INSERT INTO public.audio_files VALUES ('775025f5-851a-4a17-9496-96e332d858c1', '+919762279667', 'ab17a3e7-8a0e-4bb7-b514-6715459bac14.m4a', 'audio/m4a', 25977, 'store/+919762279667/ab17a3e7-8a0e-4bb7-b514-6715459bac14.m4a', '2025-09-02 17:43:42.419063', 1000, NULL, NULL);


--
-- Data for Name: flyway_schema_history; Type: TABLE DATA; Schema: public; Owner: -
--

INSERT INTO public.flyway_schema_history VALUES (1, '1', 'init', 'SQL', 'V1__init.sql', 1462473746, 'oolshik', '2025-08-17 17:00:10.672994', 9, true);
INSERT INTO public.flyway_schema_history VALUES (2, '2', 'phone reveal event', 'SQL', 'V2__phone_reveal_event.sql', -320502929, 'oolshik', '2025-08-30 13:44:02.551491', 20, true);
INSERT INTO public.flyway_schema_history VALUES (3, '3', 'phone reveal event fix', 'SQL', 'V3__add_phone_number_to_phone_reveal_event.sql', 226833320, 'oolshik', '2025-08-30 18:13:39.104263', 8, true);
INSERT INTO public.flyway_schema_history VALUES (4, '4', 'report event', 'SQL', 'V4__report_event.sql', 295113115, 'oolshik', '2025-08-30 20:26:26.257703', 26, true);
INSERT INTO public.flyway_schema_history VALUES (5, '5', 'audio tables', 'SQL', 'V5__audio_tables.sql', 982879915, 'oolshik', '2025-08-31 08:11:00.146801', 10, true);
INSERT INTO public.flyway_schema_history VALUES (6, '6', 'add voice url to requests', 'SQL', 'V6__add_voice_url_to_requests.sql', -1102505697, 'oolshik', '2025-08-31 15:25:50.090019', 6, true);
INSERT INTO public.flyway_schema_history VALUES (7, '7', 'help request rating', 'SQL', 'V7__help_request_rating.sql', 1523159460, 'oolshik', '2025-09-05 19:26:04.941991', 12, true);


--
-- Data for Name: help_request; Type: TABLE DATA; Schema: public; Owner: -
--

INSERT INTO public.help_request VALUES ('03544b1e-7f17-4084-af86-4bc00f95455d', 'Seed @ 1.0km θ000', 'Seeded test request for ring testing', 37.431137317329565, -122.083922, 1000, 'OPEN', '4a670833-cafd-4212-a9dc-b8de51f3b52f', NULL, '2025-08-17 17:17:20.922685+00', '2025-08-17 17:17:20.922685+00', NULL, 1.0, NULL, '2025-08-28 07:15:16.045884+00');
INSERT INTO public.help_request VALUES ('b4828cc9-e85b-48ba-9c73-04407693b4f4', 'Seed @ 1.0km θ120', 'Seeded test request for ring testing', 37.41757174133521, -122.07412623642504, 1000, 'OPEN', '4a670833-cafd-4212-a9dc-b8de51f3b52f', NULL, '2025-08-17 17:17:20.922685+00', '2025-08-17 17:17:20.922685+00', NULL, 2.0, NULL, '2025-08-29 07:15:16.045884+00');
INSERT INTO public.help_request VALUES ('395a9621-f4f8-4586-98f2-37b02e7a8388', 'Seed @ 1.0km θ150', 'Seeded test request for ring testing', 37.41426151104794, -122.07826641326308, 1000, 'OPEN', '4a670833-cafd-4212-a9dc-b8de51f3b52f', NULL, '2025-08-17 17:17:20.922685+00', '2025-08-17 17:17:20.922685+00', NULL, 5.0, NULL, '2025-08-09 07:15:16.045884+00');
INSERT INTO public.help_request VALUES ('f0ae1bb6-b5f5-4abc-ab69-47991c8fb3f3', 'Seed @ 1.0km θ180', 'Seeded test request for ring testing', 37.41304988267043, -122.083922, 1000, 'OPEN', '4a670833-cafd-4212-a9dc-b8de51f3b52f', NULL, '2025-08-17 17:17:20.922685+00', '2025-08-17 17:17:20.922685+00', NULL, 4.0, NULL, '2025-08-09 07:15:16.045884+00');
INSERT INTO public.help_request VALUES ('fa3f6523-e5f8-429e-a7b0-c45f3da364ee', 'Need water', '2 cans', 18.5204, 73.8567, 500, 'OPEN', '9349cf1b-70fa-4653-bd24-22f3c1b1b59a', NULL, '2025-08-23 11:23:11.948462+00', '2025-08-23 11:23:11.948462+00', NULL, 2.0, NULL, '2025-08-25 07:15:16.045884+00');
INSERT INTO public.help_request VALUES ('bd21f7cc-b662-4a82-913f-f8e875adf4eb', 'Seed @ 1.0km θ210', 'Seeded test request for ring testing', 37.41426151104794, -122.08957758673692, 1000, 'OPEN', '4a670833-cafd-4212-a9dc-b8de51f3b52f', NULL, '2025-08-17 17:17:20.922685+00', '2025-08-17 17:17:20.922685+00', NULL, 4.0, NULL, '2025-08-13 07:15:16.045884+00');
INSERT INTO public.help_request VALUES ('d3aa70f2-dbad-4af0-90d7-1c51cccfedb3', 'Seed @ 1.0km θ240', 'Seeded test request for ring testing', 37.41757174133521, -122.09371776357496, 1000, 'OPEN', '4a670833-cafd-4212-a9dc-b8de51f3b52f', NULL, '2025-08-17 17:17:20.922685+00', '2025-08-17 17:17:20.922685+00', NULL, 1.0, NULL, '2025-08-23 07:15:16.045884+00');
INSERT INTO public.help_request VALUES ('b4790536-5cc2-4741-8787-d0dae8fd3db2', 'Seed @ 1.0km θ330', 'Seeded test request for ring testing', 37.42992568895205, -122.08957758673692, 1000, 'OPEN', '4a670833-cafd-4212-a9dc-b8de51f3b52f', NULL, '2025-08-17 17:17:20.922685+00', '2025-08-17 17:17:20.922685+00', NULL, 1.0, NULL, '2025-08-26 07:15:16.045884+00');
INSERT INTO public.help_request VALUES ('48834657-6674-44bf-8ad4-07d0783e4036', 'Seed @ 2.0km θ000', 'Seeded test request for ring testing', 37.44018103465914, -122.083922, 2000, 'OPEN', '4a670833-cafd-4212-a9dc-b8de51f3b52f', NULL, '2025-08-17 17:17:20.922685+00', '2025-08-17 17:17:20.922685+00', NULL, 5.0, NULL, '2025-08-26 07:15:16.045884+00');
INSERT INTO public.help_request VALUES ('67293f83-ea12-438d-ae34-c9e709b85913', 'Seed @ 2.0km θ030', 'Seeded test request for ring testing', 37.4377577779041, -122.07261082652616, 2000, 'OPEN', '4a670833-cafd-4212-a9dc-b8de51f3b52f', NULL, '2025-08-17 17:17:20.922685+00', '2025-08-17 17:17:20.922685+00', NULL, 3.0, NULL, '2025-08-26 07:15:16.045884+00');
INSERT INTO public.help_request VALUES ('21c3cd8e-9f60-4382-aac3-f580c742b6e5', 'Seed @ 2.0km θ060', 'Seeded test request for ring testing', 37.431137317329565, -122.06433047285009, 2000, 'OPEN', '4a670833-cafd-4212-a9dc-b8de51f3b52f', NULL, '2025-08-17 17:17:20.922685+00', '2025-08-17 17:17:20.922685+00', NULL, 4.0, NULL, '2025-09-06 07:15:16.045884+00');
INSERT INTO public.help_request VALUES ('d0c80df1-244b-4215-932c-4f48a676b4ea', 'Seed @ 2.0km θ090', 'Seeded test request for ring testing', 37.4220936, -122.06129965305232, 2000, 'OPEN', '4a670833-cafd-4212-a9dc-b8de51f3b52f', NULL, '2025-08-17 17:17:20.922685+00', '2025-08-17 17:17:20.922685+00', NULL, 1.0, NULL, '2025-08-26 07:15:16.045884+00');
INSERT INTO public.help_request VALUES ('b184f3c3-3bf2-4c50-9eff-5f8435b92666', 'Seed @ 2.0km θ120', 'Seeded test request for ring testing', 37.41304988267043, -122.06433047285009, 2000, 'OPEN', '4a670833-cafd-4212-a9dc-b8de51f3b52f', NULL, '2025-08-17 17:17:20.922685+00', '2025-08-17 17:17:20.922685+00', NULL, 4.0, NULL, '2025-08-20 07:15:16.045884+00');
INSERT INTO public.help_request VALUES ('3f609430-ad0d-4328-b3e3-e717e172e933', 'Seed @ 2.0km θ150', 'Seeded test request for ring testing', 37.40642942209589, -122.07261082652616, 2000, 'OPEN', '4a670833-cafd-4212-a9dc-b8de51f3b52f', NULL, '2025-08-17 17:17:20.922685+00', '2025-08-17 17:17:20.922685+00', NULL, 3.0, NULL, '2025-09-03 07:15:16.045884+00');
INSERT INTO public.help_request VALUES ('2d08fcd3-1a66-4bf3-a903-eccee826fbb5', 'Seed @ 2.0km θ180', 'Seeded test request for ring testing', 37.40400616534085, -122.083922, 2000, 'OPEN', '4a670833-cafd-4212-a9dc-b8de51f3b52f', NULL, '2025-08-17 17:17:20.922685+00', '2025-08-17 17:17:20.922685+00', NULL, 5.0, NULL, '2025-08-19 07:15:16.045884+00');
INSERT INTO public.help_request VALUES ('000106d0-2f78-4fd7-8822-4e91c7ee6437', 'Seed @ 2.0km θ210', 'Seeded test request for ring testing', 37.40642942209589, -122.09523317347384, 2000, 'OPEN', '4a670833-cafd-4212-a9dc-b8de51f3b52f', NULL, '2025-08-17 17:17:20.922685+00', '2025-08-17 17:17:20.922685+00', NULL, 4.0, NULL, '2025-08-21 07:15:16.045884+00');
INSERT INTO public.help_request VALUES ('0603e600-91c6-4a22-aecb-70fc09a4ae90', 'Seed @ 2.0km θ240', 'Seeded test request for ring testing', 37.41304988267043, -122.10351352714991, 2000, 'OPEN', '4a670833-cafd-4212-a9dc-b8de51f3b52f', NULL, '2025-08-17 17:17:20.922685+00', '2025-08-17 17:17:20.922685+00', NULL, 2.0, NULL, '2025-08-16 07:15:16.045884+00');
INSERT INTO public.help_request VALUES ('7e9eab6b-28fc-4ba2-a1c3-fc3c13d08056', 'Seed @ 2.0km θ270', 'Seeded test request for ring testing', 37.4220936, -122.10654434694769, 2000, 'OPEN', '4a670833-cafd-4212-a9dc-b8de51f3b52f', NULL, '2025-08-17 17:17:20.922685+00', '2025-08-17 17:17:20.922685+00', NULL, 2.0, NULL, '2025-08-20 07:15:16.045884+00');
INSERT INTO public.help_request VALUES ('a9ee6469-3eee-4b29-b440-e962ad34fd57', 'Seed @ 2.0km θ300', 'Seeded test request for ring testing', 37.431137317329565, -122.10351352714991, 2000, 'OPEN', '4a670833-cafd-4212-a9dc-b8de51f3b52f', NULL, '2025-08-17 17:17:20.922685+00', '2025-08-17 17:17:20.922685+00', NULL, 1.0, NULL, '2025-08-12 07:15:16.045884+00');
INSERT INTO public.help_request VALUES ('d080bce2-3599-470a-bd9e-003c6e5e5e74', 'Seed @ 2.0km θ330', 'Seeded test request for ring testing', 37.4377577779041, -122.09523317347384, 2000, 'OPEN', '4a670833-cafd-4212-a9dc-b8de51f3b52f', NULL, '2025-08-17 17:17:20.922685+00', '2025-08-17 17:17:20.922685+00', NULL, 4.0, NULL, '2025-09-01 07:15:16.045884+00');
INSERT INTO public.help_request VALUES ('ad1087fd-5f6e-42c1-b9f5-44cbd8c20f08', 'Seed @ 3.0km θ000', 'Seeded test request for ring testing', 37.44922475198871, -122.083922, 3000, 'OPEN', '4a670833-cafd-4212-a9dc-b8de51f3b52f', NULL, '2025-08-17 17:17:20.922685+00', '2025-08-17 17:17:20.922685+00', NULL, 2.0, NULL, '2025-08-27 07:15:16.045884+00');
INSERT INTO public.help_request VALUES ('ad770a4f-110a-45c4-b5da-c1984e092714', 'Seed @ 3.0km θ030', 'Seeded test request for ring testing', 37.44558986685616, -122.06695523978924, 3000, 'OPEN', '4a670833-cafd-4212-a9dc-b8de51f3b52f', NULL, '2025-08-17 17:17:20.922685+00', '2025-08-17 17:17:20.922685+00', NULL, 5.0, NULL, '2025-09-05 07:15:16.045884+00');
INSERT INTO public.help_request VALUES ('dd814b2b-68c7-44c5-9f2e-591fa4116c83', 'Seed @ 3.0km θ060', 'Seeded test request for ring testing', 37.43565917599435, -122.05453470927513, 3000, 'OPEN', '4a670833-cafd-4212-a9dc-b8de51f3b52f', NULL, '2025-08-17 17:17:20.922685+00', '2025-08-17 17:17:20.922685+00', NULL, 2.0, NULL, '2025-08-11 07:15:16.045884+00');
INSERT INTO public.help_request VALUES ('154cb2e1-3924-4eef-a70f-9149fd9e0823', 'Seed @ 3.0km θ090', 'Seeded test request for ring testing', 37.4220936, -122.04998847957849, 3000, 'OPEN', '4a670833-cafd-4212-a9dc-b8de51f3b52f', NULL, '2025-08-17 17:17:20.922685+00', '2025-08-17 17:17:20.922685+00', NULL, 5.0, NULL, '2025-09-03 07:15:16.045884+00');
INSERT INTO public.help_request VALUES ('3faca68b-840f-4b31-9c9b-eaa127d65f63', 'Seed @ 3.0km θ120', 'Seeded test request for ring testing', 37.40852802400564, -122.05453470927513, 3000, 'OPEN', '4a670833-cafd-4212-a9dc-b8de51f3b52f', NULL, '2025-08-17 17:17:20.922685+00', '2025-08-17 17:17:20.922685+00', NULL, 1.0, NULL, '2025-09-04 07:15:16.045884+00');
INSERT INTO public.help_request VALUES ('7daeca21-dec8-44ab-bc1c-31a834b1311f', 'Seed @ 3.0km θ150', 'Seeded test request for ring testing', 37.39859733314383, -122.06695523978924, 3000, 'OPEN', '4a670833-cafd-4212-a9dc-b8de51f3b52f', NULL, '2025-08-17 17:17:20.922685+00', '2025-08-17 17:17:20.922685+00', NULL, 3.0, NULL, '2025-09-04 07:15:16.045884+00');
INSERT INTO public.help_request VALUES ('c88d23df-ee0e-4293-8c17-208118f690e2', 'Seed @ 3.0km θ180', 'Seeded test request for ring testing', 37.394962448011285, -122.083922, 3000, 'OPEN', '4a670833-cafd-4212-a9dc-b8de51f3b52f', NULL, '2025-08-17 17:17:20.922685+00', '2025-08-17 17:17:20.922685+00', NULL, 4.0, NULL, '2025-08-24 07:15:16.045884+00');
INSERT INTO public.help_request VALUES ('35752a5b-54ac-4b8d-b342-27a646530d55', 'Seed @ 3.0km θ210', 'Seeded test request for ring testing', 37.39859733314383, -122.10088876021076, 3000, 'OPEN', '4a670833-cafd-4212-a9dc-b8de51f3b52f', NULL, '2025-08-17 17:17:20.922685+00', '2025-08-17 17:17:20.922685+00', NULL, 4.0, NULL, '2025-09-05 07:15:16.045884+00');
INSERT INTO public.help_request VALUES ('e861861e-1848-4c4f-99b6-f7703a422c9d', 'Seed @ 3.0km θ240', 'Seeded test request for ring testing', 37.40852802400564, -122.11330929072487, 3000, 'OPEN', '4a670833-cafd-4212-a9dc-b8de51f3b52f', NULL, '2025-08-17 17:17:20.922685+00', '2025-08-17 17:17:20.922685+00', NULL, 2.0, NULL, '2025-08-22 07:15:16.045884+00');
INSERT INTO public.help_request VALUES ('01dae89e-3a51-4242-bee6-29926e306f12', 'Seed @ 3.0km θ270', 'Seeded test request for ring testing', 37.4220936, -122.11785552042151, 3000, 'OPEN', '4a670833-cafd-4212-a9dc-b8de51f3b52f', NULL, '2025-08-17 17:17:20.922685+00', '2025-08-17 17:17:20.922685+00', NULL, 4.0, NULL, '2025-08-11 07:15:16.045884+00');
INSERT INTO public.help_request VALUES ('566b6edb-2347-4dd4-9ecd-006f55db6e88', 'Seed @ 3.0km θ300', 'Seeded test request for ring testing', 37.43565917599435, -122.11330929072487, 3000, 'OPEN', '4a670833-cafd-4212-a9dc-b8de51f3b52f', NULL, '2025-08-17 17:17:20.922685+00', '2025-08-17 17:17:20.922685+00', NULL, 1.0, NULL, '2025-08-09 07:15:16.045884+00');
INSERT INTO public.help_request VALUES ('c8d49ec5-a34a-41ce-8f95-533f19ebff7b', 'Seed @ 3.0km θ330', 'Seeded test request for ring testing', 37.44558986685616, -122.10088876021076, 3000, 'OPEN', '4a670833-cafd-4212-a9dc-b8de51f3b52f', NULL, '2025-08-17 17:17:20.922685+00', '2025-08-17 17:17:20.922685+00', NULL, 3.0, NULL, '2025-08-17 07:15:16.045884+00');
INSERT INTO public.help_request VALUES ('fa5f643d-2d68-458c-b57e-46740e7b3297', 'Seed @ 4.0km θ000', 'Seeded test request for ring testing', 37.458268469318284, -122.083922, 4000, 'OPEN', '4a670833-cafd-4212-a9dc-b8de51f3b52f', NULL, '2025-08-17 17:17:20.922685+00', '2025-08-17 17:17:20.922685+00', NULL, 3.0, NULL, '2025-08-16 07:15:16.045884+00');
INSERT INTO public.help_request VALUES ('a5165a3b-c302-4702-b380-cd7a0dc3cfdf', 'Seed @ 4.0km θ030', 'Seeded test request for ring testing', 37.45342195580821, -122.06129965305232, 4000, 'OPEN', '4a670833-cafd-4212-a9dc-b8de51f3b52f', NULL, '2025-08-17 17:17:20.922685+00', '2025-08-17 17:17:20.922685+00', NULL, 3.0, NULL, '2025-08-08 07:15:16.045884+00');
INSERT INTO public.help_request VALUES ('682675d7-3ff1-4a3a-a5c0-9ba4748d07a6', 'Seed @ 4.0km θ060', 'Seeded test request for ring testing', 37.44018103465914, -122.04473894570017, 4000, 'OPEN', '4a670833-cafd-4212-a9dc-b8de51f3b52f', NULL, '2025-08-17 17:17:20.922685+00', '2025-08-17 17:17:20.922685+00', NULL, 1.0, NULL, '2025-08-27 07:15:16.045884+00');
INSERT INTO public.help_request VALUES ('a090aee9-3415-4f0d-a0c8-d4ceba3a93b1', 'Seed @ 4.0km θ090', 'Seeded test request for ring testing', 37.4220936, -122.03867730610465, 4000, 'OPEN', '4a670833-cafd-4212-a9dc-b8de51f3b52f', NULL, '2025-08-17 17:17:20.922685+00', '2025-08-17 17:17:20.922685+00', NULL, 2.0, NULL, '2025-08-18 07:15:16.045884+00');
INSERT INTO public.help_request VALUES ('8b49fd72-b849-40c2-b4a0-6925328729e6', 'Seed @ 4.0km θ120', 'Seeded test request for ring testing', 37.40400616534085, -122.04473894570017, 4000, 'OPEN', '4a670833-cafd-4212-a9dc-b8de51f3b52f', NULL, '2025-08-17 17:17:20.922685+00', '2025-08-17 17:17:20.922685+00', NULL, 4.0, NULL, '2025-08-25 07:15:16.045884+00');
INSERT INTO public.help_request VALUES ('af602e0f-a1c2-4af1-95e4-ca7bf9d35703', 'Seed @ 4.0km θ150', 'Seeded test request for ring testing', 37.39076524419178, -122.06129965305232, 4000, 'OPEN', '4a670833-cafd-4212-a9dc-b8de51f3b52f', NULL, '2025-08-17 17:17:20.922685+00', '2025-08-17 17:17:20.922685+00', NULL, 1.0, NULL, '2025-08-23 07:15:16.045884+00');
INSERT INTO public.help_request VALUES ('00d41492-9468-40f0-9198-460c09b7fd38', 'Seed @ 4.0km θ210', 'Seeded test request for ring testing', 37.39076524419178, -122.10654434694769, 4000, 'OPEN', '4a670833-cafd-4212-a9dc-b8de51f3b52f', NULL, '2025-08-17 17:17:20.922685+00', '2025-08-17 17:17:20.922685+00', NULL, 2.0, NULL, '2025-09-03 07:15:16.045884+00');
INSERT INTO public.help_request VALUES ('bd3f5eae-3a78-4cee-ab6d-1b4deff1d1c1', 'Seed @ 4.0km θ240', 'Seeded test request for ring testing', 37.40400616534085, -122.12310505429983, 4000, 'OPEN', '4a670833-cafd-4212-a9dc-b8de51f3b52f', NULL, '2025-08-17 17:17:20.922685+00', '2025-08-17 17:17:20.922685+00', NULL, 2.0, NULL, '2025-08-08 07:15:16.045884+00');
INSERT INTO public.help_request VALUES ('8e6ecf3b-1a84-4b64-b7cb-352d6c082e9b', 'Seed @ 4.0km θ270', 'Seeded test request for ring testing', 37.4220936, -122.12916669389536, 4000, 'OPEN', '4a670833-cafd-4212-a9dc-b8de51f3b52f', NULL, '2025-08-17 17:17:20.922685+00', '2025-08-17 17:17:20.922685+00', NULL, 5.0, NULL, '2025-08-28 07:15:16.045884+00');
INSERT INTO public.help_request VALUES ('6927e55f-b707-415e-b14b-ef94de9cf96e', 'Seed @ 4.0km θ300', 'Seeded test request for ring testing', 37.44018103465914, -122.12310505429983, 4000, 'OPEN', '4a670833-cafd-4212-a9dc-b8de51f3b52f', NULL, '2025-08-17 17:17:20.922685+00', '2025-08-17 17:17:20.922685+00', NULL, 5.0, NULL, '2025-09-06 07:15:16.045884+00');
INSERT INTO public.help_request VALUES ('1b3868ff-46b0-44b2-ac94-9e751a64c159', 'Seed @ 1.0km θ270', 'Seeded test request for ring testing', 37.4220936, -122.09523317347384, 1000, 'COMPLETED', '4a670833-cafd-4212-a9dc-b8de51f3b52f', '4a670833-cafd-4212-a9dc-b8de51f3b52f', '2025-08-17 17:17:20.922685+00', '2025-08-23 18:11:11.636669+00', NULL, 3.0, NULL, '2025-08-30 07:15:16.045884+00');
INSERT INTO public.help_request VALUES ('fbe805eb-efd2-470a-acf1-6d3e820e133b', 'Seed @ 1.0km θ300', 'Seeded test request for ring testing', 37.426615458664784, -122.09371776357496, 1000, 'COMPLETED', '4a670833-cafd-4212-a9dc-b8de51f3b52f', '4a670833-cafd-4212-a9dc-b8de51f3b52f', '2025-08-17 17:17:20.922685+00', '2025-08-23 18:17:47.92349+00', NULL, 4.0, NULL, '2025-08-08 07:15:16.045884+00');
INSERT INTO public.help_request VALUES ('595d17bd-1cad-41e1-813f-8e71339e8618', 'Seed @ 1.0km θ060', 'Seeded test request for ring testing', 37.426615458664784, -122.07412623642504, 1000, 'COMPLETED', '4a670833-cafd-4212-a9dc-b8de51f3b52f', '4a670833-cafd-4212-a9dc-b8de51f3b52f', '2025-08-17 17:17:20.922685+00', '2025-08-23 18:18:50.835886+00', NULL, 4.0, NULL, '2025-08-08 07:15:16.045884+00');
INSERT INTO public.help_request VALUES ('421451ca-41aa-4e5d-a428-6178650bfed3', 'Seed @ 1.0km θ030', 'Seeded test request for ring testing', 37.42992568895205, -122.07826641326308, 1000, 'COMPLETED', '4a670833-cafd-4212-a9dc-b8de51f3b52f', '4a670833-cafd-4212-a9dc-b8de51f3b52f', '2025-08-17 17:17:20.922685+00', '2025-08-23 18:19:00.490054+00', NULL, 2.0, NULL, '2025-08-10 07:15:16.045884+00');
INSERT INTO public.help_request VALUES ('0b754e22-2575-4fcf-9ecb-0fa86e87700f', 'Seed @ 4.0km θ180', 'Seeded test request for ring testing', 37.38591873068171, -122.083922, 4000, 'ASSIGNED', '4a670833-cafd-4212-a9dc-b8de51f3b52f', '4a670833-cafd-4212-a9dc-b8de51f3b52f', '2025-08-17 17:17:20.922685+00', '2025-08-23 18:27:42.662922+00', NULL, 1.0, NULL, '2025-09-02 07:15:16.045884+00');
INSERT INTO public.help_request VALUES ('b0029f8e-d238-4ba9-ab1c-864befdb75a3', 'Seed @ 4.0km θ330', 'Seeded test request for ring testing', 37.45342195580821, -122.10654434694769, 4000, 'OPEN', '4a670833-cafd-4212-a9dc-b8de51f3b52f', NULL, '2025-08-17 17:17:20.922685+00', '2025-08-17 17:17:20.922685+00', NULL, 3.0, NULL, '2025-08-28 07:15:16.045884+00');
INSERT INTO public.help_request VALUES ('1cdad98f-53d5-47b5-ad23-8f76c1552587', 'Seed @ 5.0km θ000', 'Seeded test request for ring testing', 37.46731218664785, -122.083922, 5000, 'OPEN', '4a670833-cafd-4212-a9dc-b8de51f3b52f', NULL, '2025-08-17 17:17:20.922685+00', '2025-08-17 17:17:20.922685+00', NULL, 5.0, NULL, '2025-09-03 07:15:16.045884+00');
INSERT INTO public.help_request VALUES ('beaecc7c-f306-412c-8672-cc7ee2156a44', 'Seed @ 5.0km θ030', 'Seeded test request for ring testing', 37.46125404476027, -122.05564406631541, 5000, 'OPEN', '4a670833-cafd-4212-a9dc-b8de51f3b52f', NULL, '2025-08-17 17:17:20.922685+00', '2025-08-17 17:17:20.922685+00', NULL, 5.0, NULL, '2025-08-28 07:15:16.045884+00');
INSERT INTO public.help_request VALUES ('3f00f0aa-eeb2-4511-8069-fff3b89ef673', 'Seed @ 5.0km θ060', 'Seeded test request for ring testing', 37.44470289332392, -122.03494318212522, 5000, 'OPEN', '4a670833-cafd-4212-a9dc-b8de51f3b52f', NULL, '2025-08-17 17:17:20.922685+00', '2025-08-17 17:17:20.922685+00', NULL, 4.0, NULL, '2025-08-30 07:15:16.045884+00');
INSERT INTO public.help_request VALUES ('d10ae0aa-484f-4363-8ad5-f567aea6b1ad', 'Seed @ 5.0km θ090', 'Seeded test request for ring testing', 37.4220936, -122.0273661326308, 5000, 'OPEN', '4a670833-cafd-4212-a9dc-b8de51f3b52f', NULL, '2025-08-17 17:17:20.922685+00', '2025-08-17 17:17:20.922685+00', NULL, 3.0, NULL, '2025-08-26 07:15:16.045884+00');
INSERT INTO public.help_request VALUES ('42f88ece-52e3-4254-bca8-98ef8310356d', 'Seed @ 5.0km θ120', 'Seeded test request for ring testing', 37.39948430667607, -122.03494318212522, 5000, 'OPEN', '4a670833-cafd-4212-a9dc-b8de51f3b52f', NULL, '2025-08-17 17:17:20.922685+00', '2025-08-17 17:17:20.922685+00', NULL, 3.0, NULL, '2025-08-11 07:15:16.045884+00');
INSERT INTO public.help_request VALUES ('e8816fed-f6ff-4e1d-bffc-071cfc698882', 'Seed @ 5.0km θ150', 'Seeded test request for ring testing', 37.382933155239726, -122.05564406631541, 5000, 'OPEN', '4a670833-cafd-4212-a9dc-b8de51f3b52f', NULL, '2025-08-17 17:17:20.922685+00', '2025-08-17 17:17:20.922685+00', NULL, 2.0, NULL, '2025-08-25 07:15:16.045884+00');
INSERT INTO public.help_request VALUES ('9f7e2250-6eea-4d0b-8155-a4038c6773e1', 'Seed @ 5.0km θ180', 'Seeded test request for ring testing', 37.37687501335214, -122.083922, 5000, 'OPEN', '4a670833-cafd-4212-a9dc-b8de51f3b52f', NULL, '2025-08-17 17:17:20.922685+00', '2025-08-17 17:17:20.922685+00', NULL, 4.0, NULL, '2025-08-21 07:15:16.045884+00');
INSERT INTO public.help_request VALUES ('eb96b3bb-1334-4907-a532-f6b83d4c1a2a', 'Seed @ 5.0km θ210', 'Seeded test request for ring testing', 37.382933155239726, -122.1121999336846, 5000, 'OPEN', '4a670833-cafd-4212-a9dc-b8de51f3b52f', NULL, '2025-08-17 17:17:20.922685+00', '2025-08-17 17:17:20.922685+00', NULL, 4.0, NULL, '2025-08-30 07:15:16.045884+00');
INSERT INTO public.help_request VALUES ('e1c52e75-1739-44b8-809d-4ebd73f77709', 'Seed @ 5.0km θ240', 'Seeded test request for ring testing', 37.39948430667607, -122.13290081787478, 5000, 'OPEN', '4a670833-cafd-4212-a9dc-b8de51f3b52f', NULL, '2025-08-17 17:17:20.922685+00', '2025-08-17 17:17:20.922685+00', NULL, 5.0, NULL, '2025-09-01 07:15:16.045884+00');
INSERT INTO public.help_request VALUES ('b1e34ef5-6a2d-4e93-b0ff-a15b712ea7a2', 'Seed @ 5.0km θ270', 'Seeded test request for ring testing', 37.4220936, -122.1404778673692, 5000, 'OPEN', '4a670833-cafd-4212-a9dc-b8de51f3b52f', NULL, '2025-08-17 17:17:20.922685+00', '2025-08-17 17:17:20.922685+00', NULL, 1.0, NULL, '2025-08-12 07:15:16.045884+00');
INSERT INTO public.help_request VALUES ('e4483936-827a-4123-aaaa-16ac248112e1', 'Seed @ 5.0km θ300', 'Seeded test request for ring testing', 37.44470289332392, -122.13290081787478, 5000, 'OPEN', '4a670833-cafd-4212-a9dc-b8de51f3b52f', NULL, '2025-08-17 17:17:20.922685+00', '2025-08-17 17:17:20.922685+00', NULL, 1.0, NULL, '2025-08-31 07:15:16.045884+00');
INSERT INTO public.help_request VALUES ('19644f7c-47db-49a9-9179-34e2e8643a1a', 'Seed @ 5.0km θ330', 'Seeded test request for ring testing', 37.46125404476027, -122.1121999336846, 5000, 'OPEN', '4a670833-cafd-4212-a9dc-b8de51f3b52f', NULL, '2025-08-17 17:17:20.922685+00', '2025-08-17 17:17:20.922685+00', NULL, 5.0, NULL, '2025-08-16 07:15:16.045884+00');
INSERT INTO public.help_request VALUES ('3380c20f-4f71-4a61-b108-7c84ae853171', 'Seed @ 6.0km θ000', 'Seeded test request for ring testing', 37.47635590397742, -122.083922, 6000, 'OPEN', '4a670833-cafd-4212-a9dc-b8de51f3b52f', NULL, '2025-08-17 17:17:20.922685+00', '2025-08-17 17:17:20.922685+00', NULL, 2.0, NULL, '2025-08-26 07:15:16.045884+00');
INSERT INTO public.help_request VALUES ('95f24b2f-0c59-46c2-84aa-94021336bbe9', 'Seed @ 6.0km θ030', 'Seeded test request for ring testing', 37.469086133712324, -122.04998847957849, 6000, 'OPEN', '4a670833-cafd-4212-a9dc-b8de51f3b52f', NULL, '2025-08-17 17:17:20.922685+00', '2025-08-17 17:17:20.922685+00', NULL, 4.0, NULL, '2025-08-21 07:15:16.045884+00');
INSERT INTO public.help_request VALUES ('78aa1736-31ee-42bf-a6af-108fa02e2da9', 'Seed @ 6.0km θ060', 'Seeded test request for ring testing', 37.44922475198871, -122.02514741855026, 6000, 'OPEN', '4a670833-cafd-4212-a9dc-b8de51f3b52f', NULL, '2025-08-17 17:17:20.922685+00', '2025-08-17 17:17:20.922685+00', NULL, 2.0, NULL, '2025-08-10 07:15:16.045884+00');
INSERT INTO public.help_request VALUES ('1e21bacc-ad7c-45f7-9941-37c018dcddc2', 'Seed @ 6.0km θ090', 'Seeded test request for ring testing', 37.4220936, -122.01605495915696, 6000, 'OPEN', '4a670833-cafd-4212-a9dc-b8de51f3b52f', NULL, '2025-08-17 17:17:20.922685+00', '2025-08-17 17:17:20.922685+00', NULL, 5.0, NULL, '2025-08-11 07:15:16.045884+00');
INSERT INTO public.help_request VALUES ('8f78cebd-24d6-4273-8a01-771341684e23', 'Seed @ 6.0km θ120', 'Seeded test request for ring testing', 37.394962448011285, -122.02514741855026, 6000, 'OPEN', '4a670833-cafd-4212-a9dc-b8de51f3b52f', NULL, '2025-08-17 17:17:20.922685+00', '2025-08-17 17:17:20.922685+00', NULL, 2.0, NULL, '2025-08-27 07:15:16.045884+00');
INSERT INTO public.help_request VALUES ('a8153dc5-d348-4ae8-bfec-f1acdda9dc10', 'Seed @ 6.0km θ150', 'Seeded test request for ring testing', 37.37510106628767, -122.04998847957849, 6000, 'OPEN', '4a670833-cafd-4212-a9dc-b8de51f3b52f', NULL, '2025-08-17 17:17:20.922685+00', '2025-08-17 17:17:20.922685+00', NULL, 4.0, NULL, '2025-08-08 07:15:16.045884+00');
INSERT INTO public.help_request VALUES ('c9d7cc62-dbe8-47ad-915c-c011e98b6ad6', 'Seed @ 6.0km θ180', 'Seeded test request for ring testing', 37.36783129602257, -122.083922, 6000, 'OPEN', '4a670833-cafd-4212-a9dc-b8de51f3b52f', NULL, '2025-08-17 17:17:20.922685+00', '2025-08-17 17:17:20.922685+00', NULL, 5.0, NULL, '2025-08-14 07:15:16.045884+00');
INSERT INTO public.help_request VALUES ('e83865bd-2bde-4a90-be9b-90bf16d6115e', 'Seed @ 6.0km θ210', 'Seeded test request for ring testing', 37.37510106628767, -122.11785552042151, 6000, 'OPEN', '4a670833-cafd-4212-a9dc-b8de51f3b52f', NULL, '2025-08-17 17:17:20.922685+00', '2025-08-17 17:17:20.922685+00', NULL, 2.0, NULL, '2025-08-31 07:15:16.045884+00');
INSERT INTO public.help_request VALUES ('4fa88e96-22ed-43b0-b074-1deaec91e1c8', 'Seed @ 6.0km θ240', 'Seeded test request for ring testing', 37.394962448011285, -122.14269658144974, 6000, 'OPEN', '4a670833-cafd-4212-a9dc-b8de51f3b52f', NULL, '2025-08-17 17:17:20.922685+00', '2025-08-17 17:17:20.922685+00', NULL, 1.0, NULL, '2025-08-08 07:15:16.045884+00');
INSERT INTO public.help_request VALUES ('e70a6e99-a9e1-4240-848d-3bd4d88cc1a2', 'Seed @ 6.0km θ270', 'Seeded test request for ring testing', 37.4220936, -122.15178904084304, 6000, 'OPEN', '4a670833-cafd-4212-a9dc-b8de51f3b52f', NULL, '2025-08-17 17:17:20.922685+00', '2025-08-17 17:17:20.922685+00', NULL, 4.0, NULL, '2025-08-09 07:15:16.045884+00');
INSERT INTO public.help_request VALUES ('34a52113-ae84-49dc-a0a1-cf84f2065113', 'Seed @ 6.0km θ300', 'Seeded test request for ring testing', 37.44922475198871, -122.14269658144974, 6000, 'OPEN', '4a670833-cafd-4212-a9dc-b8de51f3b52f', NULL, '2025-08-17 17:17:20.922685+00', '2025-08-17 17:17:20.922685+00', NULL, 3.0, NULL, '2025-08-12 07:15:16.045884+00');
INSERT INTO public.help_request VALUES ('84ff46e7-5f35-4fab-9d11-d13210b3ffe9', 'Seed @ 6.0km θ330', 'Seeded test request for ring testing', 37.469086133712324, -122.11785552042151, 6000, 'OPEN', '4a670833-cafd-4212-a9dc-b8de51f3b52f', NULL, '2025-08-17 17:17:20.922685+00', '2025-08-17 17:17:20.922685+00', NULL, 3.0, NULL, '2025-08-09 07:15:16.045884+00');
INSERT INTO public.help_request VALUES ('47d70a35-c7fe-43c2-8eb0-a2dbe50ce388', 'Need to get urgent help', 'I am feeling sick, somebody please help me near Indapur bus station', 37.4220936, -122.083922, 500, 'ASSIGNED', '9349cf1b-70fa-4653-bd24-22f3c1b1b59a', '4a670833-cafd-4212-a9dc-b8de51f3b52f', '2025-08-23 11:25:06.055862+00', '2025-08-23 18:03:29.022379+00', NULL, 4.0, NULL, '2025-08-20 07:15:16.045884+00');
INSERT INTO public.help_request VALUES ('29ed9009-6eb2-478d-bacb-8cde676c6dfe', 'Need to share news', 'I am feeling happy', 37.4220936, -122.083922, 1000, 'ASSIGNED', '9349cf1b-70fa-4653-bd24-22f3c1b1b59a', '4a670833-cafd-4212-a9dc-b8de51f3b52f', '2025-08-23 11:26:09.551837+00', '2025-08-23 18:05:25.472517+00', NULL, 3.0, NULL, '2025-08-25 07:15:16.045884+00');
INSERT INTO public.help_request VALUES ('ab0ed767-8984-446b-afd0-1d2f9964e415', 'Seed @ 1.0km θ090', 'Seeded test request for ring testing', 37.4220936, -122.07261082652616, 1000, 'COMPLETED', '4a670833-cafd-4212-a9dc-b8de51f3b52f', '4a670833-cafd-4212-a9dc-b8de51f3b52f', '2025-08-17 17:17:20.922685+00', '2025-08-23 18:06:58.192542+00', NULL, 2.0, NULL, '2025-08-26 07:15:16.045884+00');
INSERT INTO public.help_request VALUES ('031f8cfb-2671-40c9-a2d2-54fe6cb63258', 'sample android color', NULL, 37.4220936, -122.083922, 1000, 'COMPLETED', '4a670833-cafd-4212-a9dc-b8de51f3b52f', '4a670833-cafd-4212-a9dc-b8de51f3b52f', '2025-08-27 13:12:58.818345+00', '2025-08-30 03:51:58.966068+00', NULL, 2.0, NULL, '2025-08-31 07:15:16.045884+00');
INSERT INTO public.help_request VALUES ('1b5ce927-e060-4ac0-af8b-381fac125053', 'test title limit test title limit test title limit test title limit test title', 'dfadsf ad dfadf afdf fadsfdas asfadsf adfadsf afsdaf asdfadsf fdafdas afsdfds afdsfsad afadsf asdfasdf dfaf dfasf
fadfafaf adfadfad dfadsf ad dfadf afdf fadsfdas asfadsf adfadsf afsdaf asdfadsf fdafdas afsdfds afdsfsad afadsf asdfasdf dfaf dfasf
fadfafaf adfadfaddfadsf ad dfadf afdf fadsfdas asfadsf adfadsf afsdaf asdfadsf fdafdas afsdfds afdsfsad afadsf asdfasdf dfaf dfasf
fadfafaf adfadfaddfadsf ad dfadf afdf fadsfdas asfadsf adfadsf afsdaf asdfadsf fdafdas afsdfds afdsfsad afadsf asdfasddd', 37.4220936, -122.083922, 5000, 'COMPLETED', '4a670833-cafd-4212-a9dc-b8de51f3b52f', '4a670833-cafd-4212-a9dc-b8de51f3b52f', '2025-08-27 13:08:44.627297+00', '2025-08-30 09:39:44.599509+00', NULL, 3.0, NULL, '2025-09-04 07:15:16.045884+00');
INSERT INTO public.help_request VALUES ('ae413874-bb8c-4e06-8ace-543ca9556e51', 'please share happy news', 'i am boring, please share some happy news', 37.4220936, -122.083922, 1000, 'COMPLETED', '4a670833-cafd-4212-a9dc-b8de51f3b52f', '4a670833-cafd-4212-a9dc-b8de51f3b52f', '2025-08-27 12:12:38.888603+00', '2025-08-30 10:54:22.935032+00', NULL, 4.0, NULL, '2025-09-02 07:15:16.045884+00');
INSERT INTO public.help_request VALUES ('e47c1a0d-6bd7-43b8-8708-73b4fc0ffb2a', 'sample task creation', 'testing audio recording', 37.4220936, -122.083922, 1000, 'OPEN', '4a670833-cafd-4212-a9dc-b8de51f3b52f', NULL, '2025-08-31 09:18:51.536437+00', '2025-08-31 09:18:51.536437+00', NULL, 4.0, NULL, '2025-08-08 07:15:16.045884+00');
INSERT INTO public.help_request VALUES ('88ff288b-c95c-4189-8c68-ccdd4ca963a2', 'test', 'test desc', 37.4220936, -122.083922, 2000, 'OPEN', '4a670833-cafd-4212-a9dc-b8de51f3b52f', NULL, '2025-08-31 12:00:08.91563+00', '2025-08-31 12:00:08.91563+00', NULL, 1.0, NULL, '2025-08-30 07:15:16.045884+00');
INSERT INTO public.help_request VALUES ('9b486af5-b4d6-4cde-91e8-d0dabaa50f76', 'need help to generate audio file', 'testing another audio file', 37.4220936, -122.083922, 2000, 'OPEN', '4a670833-cafd-4212-a9dc-b8de51f3b52f', NULL, '2025-08-31 12:38:20.918766+00', '2025-08-31 12:38:20.918766+00', NULL, 4.0, NULL, '2025-08-27 07:15:16.045884+00');
INSERT INTO public.help_request VALUES ('13598f6f-3e5b-46d1-ae7b-f730d07e2e40', 'audio testing 1', 'testing the audio file if saving or not', 37.4220936, -122.083922, 1000, 'OPEN', '4a670833-cafd-4212-a9dc-b8de51f3b52f', NULL, '2025-09-02 17:30:04.476214+00', '2025-09-02 17:30:04.476214+00', NULL, 1.0, NULL, '2025-08-22 07:15:16.045884+00');
INSERT INTO public.help_request VALUES ('a4deb533-2d83-41f3-8845-c1403e9e0250', 'testing auiod 3', 'v3', 37.4220936, -122.083922, 1000, 'OPEN', '4a670833-cafd-4212-a9dc-b8de51f3b52f', NULL, '2025-09-02 17:36:40.651678+00', '2025-09-02 17:36:40.651678+00', NULL, 4.0, NULL, '2025-08-16 07:15:16.045884+00');
INSERT INTO public.help_request VALUES ('d2a2ab3d-3c45-4f71-b663-18bef2f8355b', 'auidio 4', 'v4', 37.4220936, -122.083922, 1000, 'OPEN', '4a670833-cafd-4212-a9dc-b8de51f3b52f', NULL, '2025-09-02 17:38:17.341674+00', '2025-09-02 17:38:17.341674+00', NULL, 4.0, NULL, '2025-08-25 07:15:16.045884+00');
INSERT INTO public.help_request VALUES ('6783522f-1c84-40e4-8e51-c997d9402266', 'audio 5', 'v5', 37.4220936, -122.083922, 1000, 'ASSIGNED', '4a670833-cafd-4212-a9dc-b8de51f3b52f', '4a670833-cafd-4212-a9dc-b8de51f3b52f', '2025-09-02 17:43:42.541582+00', '2025-09-05 14:38:28.297098+00', 'http://10.0.2.2:8080/api/media/audio/775025f5-851a-4a17-9496-96e332d858c1/stream', 3.0, NULL, '2025-08-18 07:15:16.045884+00');


--
-- Data for Name: otp_code; Type: TABLE DATA; Schema: public; Owner: -
--

INSERT INTO public.otp_code VALUES ('65563e23-4fda-4616-9acc-fad19910eaea', '+919762279667', '$2a$10$NDBo7PiMBB7qOP1vIkfywOmaAlhDkFMtK/TKXN3aacF4yOksT5cdG', 'LOGIN', '2025-08-17 18:03:53.573631+00', '2025-08-17 17:04:16.640567+00', 1, 0, '2025-08-17 17:03:53.573631+00', '2025-08-17 17:03:53.645149+00');
INSERT INTO public.otp_code VALUES ('08589405-f585-476d-b89e-af64d22e744e', '+919762279667', '$2a$10$C8c0qK/7GMp87l5rmpMnBOr6QAm8.2V8RGoZHjZe3tdCi671jLrCy', 'LOGIN', '2025-08-23 11:04:53.118327+00', '2025-08-23 11:00:16.561846+00', 1, 1, '2025-08-23 10:59:53.118327+00', '2025-08-23 10:59:53.214923+00');
INSERT INTO public.otp_code VALUES ('e6f7225e-4821-413d-8781-e098225c8cd0', '+919876543210', '$2a$10$UZ/DmgALG.ZukII5hkb7Ke0nJ4j/NDAdTgJwfiLktigazLA9agCKm', 'LOGIN', '2025-08-23 11:27:18.782874+00', '2025-08-23 11:22:40.234473+00', 1, 0, '2025-08-23 11:22:18.782874+00', '2025-08-23 11:22:18.870395+00');
INSERT INTO public.otp_code VALUES ('6c9fcddc-4883-49e9-9e6b-15f4f338f018', '+919876543210', '$2a$10$/q6ufEK/ibkQlAkZS3.r4OyJovXF3pTzadXTkZP/PjDYMNIcTa/sG', 'LOGIN', '2025-08-23 12:47:05.847884+00', '2025-08-23 12:42:16.090905+00', 1, 1, '2025-08-23 12:42:05.847884+00', '2025-08-23 12:42:05.936277+00');
INSERT INTO public.otp_code VALUES ('5084cfe2-0eaa-4aa4-95df-4d3ccf129280', '+919876543210', '$2a$10$XfgPRGt5n3221CVIem6UtucMmzmf0Lsoan7CmfIvTyU1BTAZxF1FW', 'LOGIN', '2025-08-23 13:33:07.027101+00', '2025-08-23 13:28:15.044077+00', 1, 2, '2025-08-23 13:28:07.027101+00', '2025-08-23 13:28:07.110756+00');
INSERT INTO public.otp_code VALUES ('324028f6-60db-49a6-9d81-18da9d43f2f1', '+919876543210', '$2a$10$Wq64wKUR6mA5FVfl2/SJk.ECxBCmdIoLtDfZ0Z9QOEJf5E2Jf/M06', 'LOGIN', '2025-08-23 13:55:37.557291+00', '2025-08-23 13:50:50.761831+00', 1, 3, '2025-08-23 13:50:37.557291+00', '2025-08-23 13:50:37.631782+00');
INSERT INTO public.otp_code VALUES ('b4da3472-6b9a-4936-9637-25b42e584200', '+919762279667', '$2a$10$3jTo.fOvYOoB7Zp7yRh/U.lpBMnUcJY1CgDI0k1/hnCPUurHAum9S', 'LOGIN', '2025-08-23 14:27:56.83401+00', '2025-08-23 14:23:35.13335+00', 1, 2, '2025-08-23 14:22:56.83401+00', '2025-08-23 14:22:56.91905+00');
INSERT INTO public.otp_code VALUES ('813c2162-9fb0-48a3-be50-20fccd1f0225', '+919876543210', '$2a$10$scbknzxK9/0YyATs3dn9Dej7g0PYWbVtqz0J0Io/yoenGZLe/mume', 'LOGIN', '2025-08-23 17:28:36.112787+00', '2025-08-23 17:23:43.117926+00', 1, 4, '2025-08-23 17:23:36.112787+00', '2025-08-23 17:23:36.214907+00');
INSERT INTO public.otp_code VALUES ('cda46aba-42f2-4cdc-a557-24a9285721a7', '+919876543210', '$2a$10$GmRr.AXEFb5p.QlxWqSI6ORbgoHVNuQFh2XaiPSGfEOqvqaEdmofK', 'LOGIN', '2025-08-23 17:37:22.469908+00', '2025-08-23 17:32:32.16121+00', 1, 5, '2025-08-23 17:32:22.469908+00', '2025-08-23 17:32:22.556414+00');
INSERT INTO public.otp_code VALUES ('7619b4b2-7b57-44a2-b56c-a9442c0b7e70', '+919876543210', '$2a$10$OcgGV1PF3kkPg/bnJHvfLOS0XpLPfr9u/rgvaprs7csfs0Zb81gQi', 'LOGIN', '2025-08-23 17:38:34.765752+00', '2025-08-23 17:33:44.594284+00', 2, 6, '2025-08-23 17:33:34.765752+00', '2025-08-23 17:33:34.855914+00');
INSERT INTO public.otp_code VALUES ('9ea2575b-94a7-443c-962e-28c6091ce9ab', '+919876543210', '$2a$10$o/3FQpqx/a7WehX.273R/Op39HHUKN/HiHp/m0gmZqhNieq20NdUi', 'LOGIN', '2025-08-23 17:42:13.927274+00', '2025-08-23 17:37:28.684988+00', 1, 7, '2025-08-23 17:37:13.927274+00', '2025-08-23 17:37:14.018034+00');
INSERT INTO public.otp_code VALUES ('0a376cdb-3896-4437-bdcb-ded0a0e39352', '+919876543210', '$2a$10$gcQviadi8cfTW9VpWHgrBOC41uhc3YORzrUbPwTTqfky0m9nX3joi', 'LOGIN', '2025-08-23 17:46:20.313261+00', '2025-08-23 17:41:25.906483+00', 1, 8, '2025-08-23 17:41:20.313261+00', '2025-08-23 17:41:20.399341+00');
INSERT INTO public.otp_code VALUES ('8bee0553-5aa4-40c7-9727-f9d38c76c2b2', '+919876543210', '$2a$10$Im1WUZxjKnZgtd8S3N0kB.qqa49pCF4VFdKMCH/MSw8uOJrartuQy', 'LOGIN', '2025-08-23 17:52:54.540815+00', '2025-08-23 17:48:00.926264+00', 1, 9, '2025-08-23 17:47:54.540815+00', '2025-08-23 17:47:54.632318+00');
INSERT INTO public.otp_code VALUES ('05237ae4-06a9-4d28-867b-a4e272dd32c1', '+919762279667', '$2a$10$7PD2ljPB21NJWFdj9OT4EuNciiqnykwuiDZQR3ZFqbBLrVWDqGc22', 'LOGIN', '2025-08-23 18:07:54.646397+00', '2025-08-23 18:03:20.553813+00', 1, 3, '2025-08-23 18:02:54.646397+00', '2025-08-23 18:02:54.7349+00');
INSERT INTO public.otp_code VALUES ('0ce69ce1-856d-41c0-8aa6-dd668270122b', '+919762279667', '$2a$10$UsO9YjW6/hjttNFQEgp78utbJGx2He6GyXvRq.Tlcp82v7tIDSM7K', 'LOGIN', '2025-08-23 21:25:31.706117+00', '2025-08-23 21:20:43.83362+00', 1, 4, '2025-08-23 21:20:31.706117+00', '2025-08-23 21:20:31.792241+00');
INSERT INTO public.otp_code VALUES ('da20215b-fa20-493a-986a-1c2992b32761', '+919762279667', '$2a$10$jjZIPxP1W3hWgpj0Piq83.UCPCurDZbCFhghZCn.JSa5miT4ou.uC', 'LOGIN', '2025-08-23 22:29:31.516705+00', '2025-08-23 22:24:43.805806+00', 1, 5, '2025-08-23 22:24:31.516705+00', '2025-08-23 22:24:31.603325+00');
INSERT INTO public.otp_code VALUES ('a1e34cbf-f179-4fe0-8017-34586e914531', '+919762279667', '$2a$10$9tunpz7nYjJ7ZfiYGgbyeOhFQK8TPvS63v29mL7Yl.IZA1H3UlxgO', 'LOGIN', '2025-08-23 23:33:56.493926+00', '2025-08-23 23:29:18.659856+00', 1, 6, '2025-08-23 23:28:56.493926+00', '2025-08-23 23:28:56.587166+00');
INSERT INTO public.otp_code VALUES ('7b0baa10-5871-4f88-9dd7-2f375b5f6aa0', '+919762279667', '$2a$10$wrqTqwZMGa0vKUctrwIedufydskyAeRL6iPWPIbMN/19eLfE.nmD.', 'LOGIN', '2025-08-24 08:36:43.48697+00', '2025-08-24 08:31:58.738349+00', 1, 7, '2025-08-24 08:31:43.48697+00', '2025-08-24 08:31:43.565368+00');
INSERT INTO public.otp_code VALUES ('2c74369a-96e1-4db8-b519-ffd942d61c25', '+919762279667', '$2a$10$19x6BbUBFFskeCfldz2oMekkdOmDQwyOLnrebtTcD56Q2MFCZyjBa', 'LOGIN', '2025-08-24 16:11:32.629934+00', '2025-08-24 16:06:47.225237+00', 1, 8, '2025-08-24 16:06:32.629934+00', '2025-08-24 16:06:32.710591+00');
INSERT INTO public.otp_code VALUES ('e5291787-fa49-4a43-b44b-e95403927cdf', '+919762279667', '$2a$10$XeayZdpkQsX6a29t9BWkwOeSfEqfekCWz8pZ.RHxsHEKusn/AcMre', 'LOGIN', '2025-08-24 16:22:27.69564+00', '2025-08-24 16:17:47.578205+00', 1, 9, '2025-08-24 16:17:27.69564+00', '2025-08-24 16:17:27.780911+00');
INSERT INTO public.otp_code VALUES ('a15a6eda-6bdb-4389-bde8-9a1f4a7bd394', '+919762279667', '$2a$10$m9Lp64op4/Le4IDX7hnQne4Ag6Tz3PectJnZrYI72o0mlKZyM7/YS', 'LOGIN', '2025-08-24 16:23:50.119051+00', '2025-08-24 16:19:05.752689+00', 1, 10, '2025-08-24 16:18:50.119051+00', '2025-08-24 16:18:50.20823+00');
INSERT INTO public.otp_code VALUES ('0455d980-676b-428c-bc85-77ca5c04a8db', '+919762279667', '$2a$10$stuInAmTAZs4nUWvodZ9BeQETsxMUcIEcPdojOOKotqSvbEkEFcUq', 'LOGIN', '2025-08-24 16:31:46.758745+00', '2025-08-24 16:26:56.349863+00', 1, 11, '2025-08-24 16:26:46.758745+00', '2025-08-24 16:26:46.842403+00');
INSERT INTO public.otp_code VALUES ('8665cac6-1851-40bc-9383-70e9ee05aa61', '+919762279667', '$2a$10$XdV.ifrN/s.pLmycV429/eTzJV2nShJyd0z8DbWd2XJ2dYOOp5sHy', 'LOGIN', '2025-08-24 16:42:01.317662+00', '2025-08-24 16:37:10.366034+00', 1, 12, '2025-08-24 16:37:01.317662+00', '2025-08-24 16:37:01.401692+00');
INSERT INTO public.otp_code VALUES ('00e6aabb-ce5a-4c5f-8914-b3c1b928385f', '+919762279667', '$2a$10$RTFNa2l.NDugI8pmgaP2M.r1F0i0217Ruk9L8SXQmMN/z4.BUav66', 'LOGIN', '2025-08-24 16:45:42.690653+00', '2025-08-24 16:40:51.140648+00', 1, 13, '2025-08-24 16:40:42.690653+00', '2025-08-24 16:40:42.778807+00');
INSERT INTO public.otp_code VALUES ('14592a37-a0f3-44e8-bca0-9806ddac866b', '+919762279667', '$2a$10$CREVFZAf6F0TVhMr3IiMVOEH3PIUknBUDTmXuwfmRU/xaHjLYSLbG', 'LOGIN', '2025-08-24 16:53:59.665364+00', '2025-08-24 16:49:11.555006+00', 1, 14, '2025-08-24 16:48:59.665364+00', '2025-08-24 16:48:59.753054+00');
INSERT INTO public.otp_code VALUES ('74a4ffcf-f193-4165-9573-7e18722c8cda', '+919762279667', '$2a$10$NnIO5yo8b01cMZ5cQ2T4reDMPXHanHT5BPwx55b.Qo1BC/k6RqU7q', 'LOGIN', '2025-08-24 16:59:14.728665+00', '2025-08-24 16:54:28.832925+00', 1, 15, '2025-08-24 16:54:14.728665+00', '2025-08-24 16:54:14.81403+00');
INSERT INTO public.otp_code VALUES ('3b300caf-0e3d-487f-bfc7-dd14635d5b42', '+919762279667', '$2a$10$59NluJF1bHgOQSydyfZ9ye5hHEJCiWUgFj4F419b0pPLpxr67S.oO', 'LOGIN', '2025-08-24 17:03:22.400939+00', '2025-08-24 16:58:31.751089+00', 1, 16, '2025-08-24 16:58:22.400939+00', '2025-08-24 16:58:22.492779+00');
INSERT INTO public.otp_code VALUES ('1dc75f14-1255-4fac-aa22-5dcaeaca4333', '+919762279667', '$2a$10$ia1UX7bQ/cwea3QyJc1kEeb8.EvzVFSopi6BP2PZXYAJUq84TYp7.', 'LOGIN', '2025-08-24 17:11:49.022862+00', '2025-08-24 17:07:19.476327+00', 1, 17, '2025-08-24 17:06:49.022862+00', '2025-08-24 17:06:49.111468+00');
INSERT INTO public.otp_code VALUES ('42448282-75ee-4879-a9d2-7b0874eb416a', '+919762279667', '$2a$10$ULmLCW.9BREebXalmkFnhuSrFFGjm3dd91K.8eetm3xtbUSpTI3Ny', 'LOGIN', '2025-08-27 09:56:49.841888+00', '2025-08-27 09:52:03.054054+00', 1, 18, '2025-08-27 09:51:49.841888+00', '2025-08-27 09:51:49.93554+00');
INSERT INTO public.otp_code VALUES ('c402e0bd-e198-46cc-9969-1a093aa96758', '+919762279667', '$2a$10$2Fv/Ey2z3ctekIDyUMJAI.S6MBTEUCtP/CuJX6jzYG4GbyZ98JXei', 'LOGIN', '2025-08-27 11:01:04.090228+00', '2025-08-27 10:56:27.761024+00', 1, 19, '2025-08-27 10:56:04.090228+00', '2025-08-27 10:56:04.176199+00');
INSERT INTO public.otp_code VALUES ('2151a21c-7000-4483-8131-1658e9744ff6', '+919762279667', '$2a$10$fdGmiZCR8.Y2kkEFtuuzO.xXhoVr972PQZSTc4BdB2dbEXFAtWNl6', 'LOGIN', '2025-08-27 11:19:06.286871+00', '2025-08-27 11:14:20.97311+00', 1, 21, '2025-08-27 11:14:06.286871+00', '2025-08-27 11:14:06.375844+00');
INSERT INTO public.otp_code VALUES ('d0db8b30-4a53-474b-a13d-8955f1e6a811', '+919762279667', '$2a$10$CfC4McF1JgaOv4xuvVhcNe9rpp0G6K9c7SEcOPm1PByDutRkjWStm', 'LOGIN', '2025-08-27 11:06:38.005509+00', '2025-08-27 11:02:12.514838+00', 2, 20, '2025-08-27 11:01:38.005509+00', '2025-08-27 11:01:38.093872+00');
INSERT INTO public.otp_code VALUES ('72e9c154-dec4-4533-baf6-17cfe7169a49', '+919762279667', '$2a$10$aILpvFTJJxvkNsKSGDm.juA/kl2SQHnDu.3WDhGjE70z.Df2I6jvO', 'LOGIN', '2025-08-27 11:20:17.875173+00', '2025-08-27 11:15:32.505266+00', 1, 22, '2025-08-27 11:15:17.875173+00', '2025-08-27 11:15:17.95891+00');
INSERT INTO public.otp_code VALUES ('20b002a9-fd8e-46f5-8c60-9558b217f0e9', '+919762279667', '$2a$10$OMpkcvpeixbVea9C73B4CeZfvsF4lnPnMm4DgMwJFqS8vT.w6ozbG', 'LOGIN', '2025-08-30 12:49:26.777068+00', '2025-08-30 12:44:41.710244+00', 1, 23, '2025-08-30 12:44:26.777068+00', '2025-08-30 12:44:26.870835+00');
INSERT INTO public.otp_code VALUES ('180a6b4c-9164-4071-a500-5689d924123e', '+919762279667', '$2a$10$Buub2IhAtYlh.TcPEQgtte5FIB0Kv0QCeATeFMcUktJz8uC8nMd7q', 'LOGIN', '2025-08-31 12:35:26.991739+00', '2025-08-31 12:30:41.954305+00', 1, 24, '2025-08-31 12:30:26.991739+00', '2025-08-31 12:30:27.073533+00');


--
-- Data for Name: phone_reveal_event; Type: TABLE DATA; Schema: public; Owner: -
--

INSERT INTO public.phone_reveal_event VALUES ('a3d2313c-4126-4e49-b581-10a31738160e', '29ed9009-6eb2-478d-bacb-8cde676c6dfe', '4a670833-cafd-4212-a9dc-b8de51f3b52f', '+919876543210', '2025-08-30 19:26:04.96045', 0);
INSERT INTO public.phone_reveal_event VALUES ('af4a55a6-423b-47c0-8757-8b9397373ee8', '29ed9009-6eb2-478d-bacb-8cde676c6dfe', '4a670833-cafd-4212-a9dc-b8de51f3b52f', '+919876543210', '2025-08-30 19:27:16.026228', 0);
INSERT INTO public.phone_reveal_event VALUES ('0cc510f2-c0ab-4c2b-b62c-941238431281', '29ed9009-6eb2-478d-bacb-8cde676c6dfe', '4a670833-cafd-4212-a9dc-b8de51f3b52f', '+919876543210', '2025-08-30 19:28:56.011482', 0);
INSERT INTO public.phone_reveal_event VALUES ('299e822f-495c-4cc7-a62e-cb4793967d91', '29ed9009-6eb2-478d-bacb-8cde676c6dfe', '4a670833-cafd-4212-a9dc-b8de51f3b52f', '+919876543210', '2025-08-30 19:41:19.007519', 0);
INSERT INTO public.phone_reveal_event VALUES ('6df6f392-bba4-4501-b002-acf79d268ea3', '29ed9009-6eb2-478d-bacb-8cde676c6dfe', '4a670833-cafd-4212-a9dc-b8de51f3b52f', '+919876543210', '2025-08-30 19:41:57.340027', 0);
INSERT INTO public.phone_reveal_event VALUES ('7b009e78-6ac2-4d1b-8003-3f2241a458ac', '29ed9009-6eb2-478d-bacb-8cde676c6dfe', '4a670833-cafd-4212-a9dc-b8de51f3b52f', '+919876543210', '2025-08-30 19:51:58.474903', 0);
INSERT INTO public.phone_reveal_event VALUES ('929891dc-6a70-4b2b-911e-ce99e51e9618', '031f8cfb-2671-40c9-a2d2-54fe6cb63258', '4a670833-cafd-4212-a9dc-b8de51f3b52f', '+919762279667', '2025-08-30 19:55:50.3475', 0);
INSERT INTO public.phone_reveal_event VALUES ('94b13adb-7fdb-44e7-a1ad-783c4bec2406', '1b5ce927-e060-4ac0-af8b-381fac125053', '4a670833-cafd-4212-a9dc-b8de51f3b52f', '+919762279667', '2025-08-30 19:56:20.974468', 0);


--
-- Data for Name: report_event; Type: TABLE DATA; Schema: public; Owner: -
--

INSERT INTO public.report_event VALUES ('5dce83fe-41e5-437f-be95-6094ad2c22ce', '4a670833-cafd-4212-a9dc-b8de51f3b52f', '9349cf1b-70fa-4653-bd24-22f3c1b1b59a', '29ed9009-6eb2-478d-bacb-8cde676c6dfe', 'INAPPROPRIATE', 'test', '2025-08-30 20:51:46.761344+00');
INSERT INTO public.report_event VALUES ('197a464b-fe6f-46ed-8973-01f7338e91c2', '4a670833-cafd-4212-a9dc-b8de51f3b52f', '9349cf1b-70fa-4653-bd24-22f3c1b1b59a', '29ed9009-6eb2-478d-bacb-8cde676c6dfe', 'OTHER', 'dfas adfa adfa', '2025-08-30 20:52:36.461668+00');


--
-- PostgreSQL database dump complete
--

\unrestrict 7qbMzr38x51vwapx34gEr8yXTGSpud9QaICQXs0ii3fPy6dnssx2LDtRvDd0SGp

